GivenName	Surname	Birthday	uid
Darlene	Sajtana	1994-01-24	23425
Laura	HOUCK	25-8-1991	87639
Norman	Hopper	08-28-1949	60559
Pearl	Lavergne	02 Sep 1965	51619
Edward	jones 	1992-4-14	11271
Jene	Harper	1984-11-21	18534
  Noel 	Nelson	09/01/1992	42796
Louis	Guardado	04-21-1990	56167
Belinda	Phillips	1966-6-2	25746
Arvilla	Sullivan	23/8/1946	95710
JUDITH	Avans	1 Jul 1983	94291
Tiffiny	Perez	03/25/1973	81346
Rodolfo	McCullough	16/08/1987	6294
aul	Hardman	6 Jul 1971	20361
Mary	Madison	1959-1-20	5501
Mary	Horton	26/8/1987	79418
William	Tilley	04 Mar 1978	54473
Raymnod	 Whyte 	05-09-1978	9677
Wesley	Vanzant	03/18/1961	96250
Bradley	Brown	12/10/1999	81120
Terii	Campbell	6/9/1941	53862
Darlene	FRAZIER	22 Mar 1965	83632
James	Pace	03-16-1961	47840
 Howard  	Williams	3 Jan 1989	6272
Ronald	Chisolm	08/18/1973	32977
Stephen	Chen	11/2/1973	32694
Joel	Lewi	16/12/1971	47589
Lora	Wilkerson	2-22-1965	73592
Andre	Williams	1992-10-07	45627
Michael	Doolittle	10/10/1947	21920
Lakesha	Bullock	11/29/1954	54463
Allan	Brown	01 Nov 1988	18148
Elizabeth	Smith	05/06/1939	447
Alan	Barnes	1950-01-16	93164
Christopher	Craig	05 Jan 1990	97611
  Earl	Douglass	09/16/1954	17237
  Lisa	Fernandez	1976-5-4	84437
  Mack  	Jones	1978-2-19	14225
Lowell	Hawkins	3-2-1977	29891
David	Wilson	1963-02-06	45660
Susan	Crawofrd	11/26/2000	50532
Teresa	Eriwckson	18 Sep 1962	67575
  Jerry	Sachs 	12-04-1951	34551
Anthony	Bland	1960-09-18	96225
Jason	Heidrick	11/08/2000	22341
Geralg	Little	11/07/1975	43938
Monika	Media  	02/14/1992	13915
Evelyn	Odell	08/16/1950	25054
Sherry	Gibbons	06-26-1987	21629
  Tammy 	Ziegler-Smith	6-5-1980	54095
Daqa	Lara	18/11/1955	25433
Doug	Brown	18 Apr 1940	52752
Edward	Dewald	17/11/1963	88122
 Carlos	Morales	09 Feb 1999	40658
Howard-Smith	ing	5-18-1975	70832
Mark	Haddock	7/9/1978	20292
TIMOTHY	SPADY	11/18/1951	91813
Sabrina	 Decer 	9-17-1943	54684
Tereqa	  Clinton	9/11/1968	79288
Darren II	Stephens	1977-05-28	81870
Clara	Hernandez	25 Dec 1980	22060
Jimmie	Tharpe	02-10-1983	82984
Brock	Wilson	7/2/1989	21890
Sherman	Casey	23 Apr 1995	20216
Donna Jr	Ranck	09-11-1969	72787
  Lenore 	 Wroten	1997-8-1	54991
Russell	Harris	1991-12-9	53461
		17/09/1982	96691
Regina	Grace	08/26/1954	19512
Harold	Loe	04-07-1998	15129
Thurman	Dennis-Smith	8-12-1940	87875
Juanita	Ritenour	1990-05-29	69129
Sara	Myers	04-23-1983	5467
Michael	Quinn	03/07/1974	421
Stephanie	Allmon	12 Jun 1971	61985
Maria II	Davidson	07-28-1942	32278
Rhonda	Coletti  	1981-5-28	3097
Ethel	Cudjoe	18-2-1984	29914
amanda	  Kirkpartick	03/02/1979	42536
Craig	Weddle	07 Apr 1949	34774
Joan  	zriday	1953-05-24	52759
 Anne  	Zepeda	1982-03-02	957
Ramona II	Poorman	04 Aug 1997	28251
Robert	Garcia	11-12-1987	20348
James	Smith	02-21-1958	57368
Christophecr	Chancy	11-30-1967	10103
Freddi	Keeton	7 Sep 1988	84688
Charles	Shifflext	06/23/1944	45685
Altagracia	Oberg	31/10/1941	4620
Alvin II	Goolsby	1958-2-18	49902
Nichole	Gaffney	1950-11-10	41888
Thomas	Preston	1/30/1999	66434
Linda	Shea	??	51445
Morris II	Young	10 Feb 1980	51115
Richard	potts	5-1-1989	69234
Lena	Burnham	07/06/1970	54836
Matthew	Wilson	1973-8-22	3112
Virgil	  Grayson	1960-8-30	73064
Jody	Flores	28/01/1993	68424
Heather	Chavez	1994-6-7	93739
Robert	Vincent	1963-01-08	23803
Clarence	Chittum	8 Jan 1995	17398
	Levin	04-27-1945	15816
John  	Dicken	1991-2-6	68483
Charles	elswick	2-8-1973	47450
Carrie	  McGinnis	04-26-1998	90980
MARTHA	Hunt	3-17-1993	27714
Jeremy	Jones	20/11/1973	79710
Coffelt	Nicholaj	26/10/1980	91042
John	Rupe	11-12-1954	50137
AMANDA	McNair	04-20-1954	6053
Luke	Wright	1/31/1942	47867
Joshua	Day	1982-06-21	25637
Mose	nichols	7/15/1971	89795
arry	Gonzalez	07 Dec 1940	37954
Joseph	uHghes	6-27-1996	97262
Wilfredo	Millet	see notes	14979
Marlene	Gray	01-14-1963	30257
Vickie	Medlock	24 Aug 1985	51775
Janet	McDuffy III	3/22/1959	17652
Natlaie	 Poolt	26 Jun 1992	59311
Ron	Evans	8/9/1952	43496
Jae	Frye Sr	10/28/1962	76978
John 	LANE	3-3-1961	50010
Haroljd	Washingoon	07-08-1990	17472
oGmez	Jimmy	3 Sep 1994	81020
Michael	Spinella	1957-06-19	12201
Evelyn		7/5/1972	21804
Phillip	  Heppner 	4/22/1964	83367
Jerry	Featherstone	1986-12-23	69733
Anthony	  Corley	12/31/1956	75472
Kimberly	Scheidt	18/9/1977	73751
Micbael	Viverols	10/9/1964	40411
arry	Thompson	08-16-2002	32678
Robert	Moore	16-4-1956	98899
Elizabeth	Foote	8/18/1963	44190
Kevin	aDvis	09/03/1949	59774
Patricia	  Wilson  	3/3/1938	51217
	Kimes	2002-09-26	81430
	Buton	23 May 1983	590
Bertha	 Silvia  	2003-03-28	30178
Louis	Parks	12-18-1970	3071
Aaron	Jolley	25 Nov 1956	27173
Marceline	Glassman	8/7/1941	26549
Wright	Anthony	1972-02-15	67238
Jennifer	Walburn	04-30-1989	59790
Steven	Kaster	09/29/1952	74078
Frederick	Rochleau	12/02/1986	95760
William	Williams	3-28-2002	70971
Joshua	Tessier	15/12/1952	6580
Aisha	Warner	1947-12-15	39558
Waller	Wanda	20 Sep 1994	30223
Victor	Whitehead	08/03/1966	97356
Quicy	Gibbs	27 Apr 1937	5687
James	Enriquez	23/04/1968	14890
EDWARD	ALEXANDER	9-8-2000	2606
Penney	 Benedict 	30/12/1971	39910
Jimmie	Hofer	13 Nov 1978	78414
Josfea	Hanselman	02/10/1957	28172
Sara		05-20-1997	85969
Sandra	Rogers	9 Nov 1987	99445
  Cesar  	Terrell	2 Dec 1947	7960
Ddnald Sr	  berkman 	30 Jul 1995	61036
Lorri	Smith	9/8/1989	31116
Jacquelyn	Bishop	30/7/1971	92416
Sherry	Clark	2-26-2001	94246
Marlene	Gill	1/16/1988	29032
Cathleen	Smith	10-31-1991	62009
Jealne	Conklin	29 Aug 1947	14921
Dana	Moore	1984-1-7	35467
Jennifer	Montoya	4/1/1965	58405
Janice	 Chaney	31/05/1989	64813
Laurie	Chnadler	8 May 1941	68889
  John	Phipps	1982-1-7	80676
Amie	gay	6-29-1940	76647
Jason  	Leake	20 Dec 1957	945
Stephanie	Mann	01/09/1954	87726
Augustus	Gilbert II	12-27-1968	71866
Julia	Fortner	23/04/2001	36894
Peter	trorbley Sr	10/08/1978	75643
  beverly  	Dunn	4-2-1938	16835
	Shepard	1988-09-06	89276
Reeves	Debra	31 Dec 1940	2327
John II	 Casselman  	12/07/1956	44080
Carol	Nash	4-5-1991	13862
	  sanchez	11/19/1953	61244
Lisa	Collins	1981-1-1	63108
Sadie	Mitchell	4-1-1992	73345
Shari II	Wright	1971-4-13	48564
Marilyn	Cox	12 Apr 1978	25984
Roger	Mendoza	24 Aug 1949	87448
Gregory	Overton	8-30-1950	8343
Johnny	Johnston	21 Jul 1957	12825
Pauline	Hardage	1995-11-16	41966
yoyce	Masson	1986-01-03	50818
Patricia	Dejesus	2-17-1948	41120
Ruth	Sanders	26 May 1973	98670
Katherine	Garcia	11 Mar 1967	25971
Frances	Ramirez	13 Dec 1975	99726
Anthony	qBuckner	29/10/1955	70920
Estella	McCormick	11/11/1946	13372
Dexter		10 Sep 1938	53174
Charles  	McNeil	10/24/1945	18343
Susan	Strother	06 Mar 1978	15932
	Kathryn-Smith	29/01/1996	40392
Jehf	Shoaf	1975-7-21	84223
Carrie	Kowaelwski	10/21/1955	59320
Ruben	Conley	15/02/1993	968
Jaalyn	Peacock	24/11/1974	35939
Lewis	Fleming	2-6-1945	67932
	Brown	26 Dec 1951	22819
	Anderson	10 Feb 1949	82270
Nathan	Villanueva	5-26-1979	41871
Patrick	Vargas	1964-8-29	87662
Dorothy II	Perkins	??	18760
Gertrude	Gillis	2000-12-5	79956
 Cyril  	stakcy	4-20-1972	17999
Suzanen	Battel	23 Apr 1973	26105
Evelyn	Baldwin	6/6/1953	92484
rBian III		14 Jul 1943	11105
Nick	Grady	24 Sep 1994	88233
Jackie	Cooksey	04-06-1977	20097
rBent	Matthews II	5-5-1984	64591
Don	 Taylor	16/11/1969	25074
Elois	Guerrero	04/07/1950	66416
Dorothy	Davis	5/3/1973	94103
SHERRY	  Lemaster	1982-6-26	89118
Wolfe	Brian	8-7-1971	52851
Hurwitz	 Louise	1940-03-19	49623
Lucille	Martin	8-4-2001	40106
Russell Jr	Carpenter	5-2-1946	23523
Evelyn	Felton	05-24-1969	75166
Katie	Gray	1952-06-21	81105
anthony	Wells	08/29/1989	57934
John	Arnold	11/20/1977	5756
Stacy	Reinke	06-16-1946	68936
Kenneth	Habib	26 Jul 1986	87552
Cynthia	Yonug	25/06/1995	42557
Maude	Dizon	16/10/1978	76058
Darlene	Pipkins	04/07/1941	27743
Patricia	Weir	5-27-1994	26768
Edward	Gray	25/01/1953	1832
Edward	Plummer	unknown	33352
Susan	Christianson-Smith	1987-12-17	14461
Jasck	Godfmey	15 Mar 1982	98975
Laverne	Hamilton	11-20-1967	12852
Ricky II	Keaton III	08-25-1983	64342
Max	Rentschler	2002-04-23	94199
Tyrone	Bundy	1981-03-22	38444
Clarice		04 Jun 2003	7841
JAMES Jr	Arno	02-01-1993	73628
Vincent	Corry	01/17/1988	89330
AADAM	Delaney-Smith	1945-03-22	32997
Gary	Stokes	1/9/1998	70718
Stephen	Demello	1956-11-27	94906
Betty	Myers	1985-12-11	2805
Szanne	Erdmann	15/5/1994	79756
Julie	Obrien	1970-07-01	90665
Peter	Bolton	29/11/1962	82084
Arielle	Ramirez	28 Dec 1984	77307
FXRANSISCA	Wood	10/24/1970	38356
Marilyn		9/8/1938	72958
Lyna	 Feltman 	28/9/1950	37527
Frank	Bartsch	1980-02-27	30616
sandra	Castro	18/05/1948	871
Helen	Robinson	27 Jul 1983	9585
Laverne	Simonson	01-22-1979	14096
Edwakd	Larimore	5 Aug 1988	63592
Janette 	Cook	02-17-1966	83331
David	  Grzay 	28-3-1945	71490
Lionel	Stanley	3-9-1977	28930
Davild	Munoz	02-28-1968	63508
Darlene	Hall	21/01/1964	10762
 Douglas 	  Lamarre 	10-19-1955	746
Jacqueline	Pacheco	07/23/1994	19370
Lori	  Shaw 	1980-07-21	62710
John	 Washinjgton 	09/23/1950	17697
Paul	LAIN	15/04/1979	92821
Luci	Brown	7-12-1987	7510
Loyd	Dugger III	19/02/1994	82594
Williams	  Tommy 	11-8-2000	90403
Craig	Crawford	12-12-1938	3412
Rose	Durand	01 Nov 1994	74349
Amanda	Harrison	06/04/1977	44778
Colleen	Wicks	07-19-1957	84764
Dietz	Jennifer	27 May 1986	4285
gVelma	Ferguson	10-09-1986	42135
Victor	Coomrs	5-10-1944	11261
Aljonso	 ragsdale  	03-01-1992	70333
Roman	Sherman	18/2/1992	19617
Cathy	Roberts	2001-2-25	70607
Richard	Pacheco	05/06/1969	26969
Price	Pearv	24/5/1949	95521
Jennifer	Millioo	11/11/1968	73387
Johcn	Copeland	20 Nov 1980	20210
Dniel		01-11-1971	84826
Tmomas	Sanor-Smith	07/03/2002	9339
Allen	 Hutsell	13 Jan 1993	94493
John	 Garcia  	3/5/1938	32611
Patricia	Rodriguez	3-14-1990	82099
Lias	Brqwn	8/10/2001	15888
  Eleanor 	 robinson 	6-23-1975	81939
Mairlyn	yamdaa	13 Mar 1940	87041
Alexander  	Tanaka	1956-01-09	42898
Sherry III	Turner	1962-10-27	22104
Stephani	Teague	n/a	73539
Maria Jr	Jones	1955-12-5	41900
Kjnneth	Binford	1952-10-03	43894
Timothy	Valdez	01-07-1988	78323
Jecob	 Beck	11/17/1995	74342
Fern	Fulks	03-27-1989	46689
Eva	Kraus	23/07/1987	19682
Mike	Harkness	27/08/1985	96335
Justin	 MPcherson  	??	58599
Andrea	Burdette	29/4/1987	90701
April	Dinkincs	1948-01-28	94860
Rockf	Emerson	05 Feb 1938	17410
Paul	King	20 May 1985	44059
Mqack	GIBSON	08/10/2000	99074
Mary	Ruiz	12-11-1982	61791
Tina	Galyle	22/11/1958	94020
Daphne	Cedeno	1956-09-22	90554
Holly	Balir	25-3-1954	93199
Bradley	  Madligal  	2-2-1981	32813
Irene	Plourde	01/21/1978	36349
Kathlen 	Anderson	5-23-1943	37596
Donald	Stevenson	12/06/1939	63601
  Jesse  	oy	12/9/1952	21417
Lmdia	Wyatt	21 Jun 1947	19515
Charles	Strine	01-07-1939	26070
	Castillo	06/12/1947	19777
uane	Tafolla	4-6-1947	37555
Willie	  Franklin	05/10/1944	87158
  marcia	Richardson	10-09-1967	30440
Patti	Cabell	03-31-1943	49940
Charles	Hendrix	19 Sep 1946	25927
Daniel	Tran	26/10/1990	86881
  Michael  	Scott	12/12/1974	96113
Joe	Lyons	18 Mar 2002	54768
	Holman	10/03/1983	71407
Thomas		1956-05-02	51746
deana	Peden	1998-12-16	9295
Alfredo	  Younm	1948-01-23	39600
Christina	Foster	6-11-1971	37942
Robevt	Hurley	01/08/1963	50519
 matthew	Irwin	15-10-1951	79795
Kellie Jr	Kay	1979-7-11	16889
  Edwin 	  EWALD  	12/1/1969	10188
Christopher	Henson	1970-4-23	11840
Thomas	Livingston 	1992-7-4	75706
Marion	Williams	2000-03-05	23385
Robert	Lons	15/05/1947	2614
Michael	Spencer	11 Jan 1997	8222
Robert	Sokol	1949-09-06	12698
Maanda	West	??	10371
Raul	Catletgt	3/4/1937	44162
Kenneth	Girffith	24 Apr 1966	31461
Ollie	Stanley	04/11/1967	87873
Elias	Flanigan	1-1-1987	91938
Patsy	Coleman III	01-29-1997	35095
Terri	Mccaffery	18/8/1991	93226
Maria	Loez	n/a	89363
Perry	Numbers	07/05/1979	46927
Nash	Margorie	5-14-1957	71068
Graig	Kfaiser	2000-05-29	78136
KEIRTH	Donofrio	1974-6-3	43571
James	Williams	01 Jan 1990	78125
 Salvatore  	Jenkisn	3/10/1944	91128
  Carlolyn	Childress	2/24/1960	55995
Ronald	  Williams	04 Jul 1960	32750
Laurie	Hancock	1978-2-20	27859
Pauline	Griffiths	6/17/1950	68571
  Catherine 	Porter	1949-7-7	976
Sharon	James	01-18-1964	29688
Joe	Carpenter	1974-04-21	5723
William	Densmore	01/18/1977	96536
Rodney	Aguilera	08 Oct 1974	64862
Kenneth	Cox	22 Dec 1983	61859
Marisela	  Roy	07/15/1969	34668
Eddie-Smith	Besaw	11/09/1944	62504
	Queen	21 Apr 1988	34186
Karen	Wicks	5-26-1946	54391
Kathleen	Medina	04/07/1987	48401
  Brent 	Theodore	1999-03-22	88213
Gary Sr	Johdnson	28 Aug 1975	99683
Reginald	Acker	3 Jan 1948	79160
Margaret	Nagle	09-03-1993	5081
Byrd	Anthony	3-6-1953	27800
Dean	MCCOY	2001-5-18	73462
Jose	Connors	3-1-1995	80882
Josh	Cook	4-18-2003	79166
 Drennan	Laverne	1957-6-14	10768
Timothy	Harrison	1993-04-12	35574
Michael	Maison	11 Dec 1981	81465
	  McGregor 	24/07/1969	98319
Terry	Stoddard II	12/20/1997	81907
Veronica II	Williams  	1968-2-10	12546
Doris	Solomon	25/11/1946	34359
Jerry	Brooks	1975-02-02	5118
Sara	Cohn	1951-05-26	75067
 Alice 	Galahza	02-06-1985	32420
Mabuel	Dye	1958-10-4	76251
	Amelia	1949-2-17	13003
Eric	Saavedra	6-7-1990	54002
Doris	Johnson	4/11/1966	5745
 Jackson	Corrado	06-06-1968	2297
	Kelley	1988-3-10	27133
  Madeline 	Ingram	3-6-1982	96140
Lri  	Nash	1993-4-28	77510
Doena	Long	06-14-1968	73514
Carolyn	Montano	09/10/1994	14888
William	 Kim  	1976-04-19	23227
Kim	Thomas	04 Nov 1957	28126
DAVID	Henry	1989-8-4	52783
Jeanette	Gately Sr	27/10/1944	12532
Theresa		4-9-1959	49716
Howard	Deas	1952-04-05	51793
Melissa	Williams  	1987-11-13	43707
Wm	Kimsey	12/06/1955	47677
Brittany	Amaya	22 Aug 1965	65392
Gerald	Stokes	08/04/1972	42128
Nciholas	Robinette	1954-10-5	83131
Dustin	Arline	21 Dec 1946	54662
Olga	Andrews	1949-6-8	31106
Lauren	Calvert	30/09/1998	40936
Robert	Huckins	15/02/1952	19276
Frederick	Johnson	30 Jun 1993	97287
Evangelina	arnes	22/11/1993	13916
Margarek	Skinner	10/01/1948	163
Sidney	Habib	29/11/1972	87793
Kevin	Whisenant	10/20/1948	60829
 Archer  	Meredith	05-18-1995	28537
Lory	Perry	19 Apr 1967	68257
Beanjamin	Saiz	28 Apr 1991	39555
Mary	Black	11 Mar 1945	82646
ora	Roth	1998-08-13	12214
Luis	Cowan	02/09/1938	79004
Stephanie 	Farr	4-22-1998	29539
 Mario	Carr	3/11/1979	28702
 Barbara 	Kremer	1943-1-5	67428
Jogeph	Cropper	09/16/1938	63361
Adolph	 Courville	04-07-1944	49848
Jeremy	Wahl	04-02-1998	98512
Jerry	  Wang	10/01/1992	96288
stephen	Layton	07 Jul 1982	97705
Melissa	Waddy	31-10-1940	43677
Victoria-Smith	Simmons	09/15/1984	629
Albert	Murry	22 Nov 1959	40720
  Kenneth  	Howard	9-7-1940	39358
Lori	Smart	4 Jan 1939	60243
jose	Ferguson	1 Feb 1996	20952
Aaron	Vance	6/25/1945	52035
Philip	Turjner	08/14/1939	98563
Mary	Jones	??	35514
Samantha	Abel	11-24-1988	32655
Virgbnia	Orr	7-8-1998	62001
Miriam	Wheeler	01/10/1971	51839
evelyn-Smith	Curry	12-06-1982	99391
 Charles	Chamberlin	4-20-1939	4496
Shawn	Silverman	31 Jul 1941	93956
David	Skinner	18 May 1946	46705
Joann	Nunez	22 Mar 1967	26271
Guy	Rhea	24 Aug 1952	51101
Antony	Markert	30/04/1987	81752
Gerald	Walton	18 Jul 1937	57633
Heather	Sams	04-18-1995	69032
	Maza	26 Sep 1937	19590
Marianne	Moralts	2001-3-21	42953
Carrie 	Stewart	05-05-1944	4147
Monica	Ward	19 May 1941	29359
Kimberly	Obrien	16/12/1938	19176
Regina	Russell	30/05/1979	36354
James	McLendon	02/03/1992	96646
Jessica	Brewster	12/27/1969	58715
Barry	Graham	09/01/1938	49151
Richard	Gutierrez	05/08/1977	88907
Seth	Ricks	1940-06-04	81662
  Nancy  	Franklin	03-11-1961	37220
Btty  	Hansen	02-10-1997	3611
Joe	Gleni	01-09-1954	40272
Janet	SALAZAR	18/04/1982	14478
Amelia	Gaston	1976-1-13	49945
Corinne	Cohn	19/11/1960	7857
Nathan	Gonzalez	10/22/1983	52757
Russell	Floyd	08/29/1989	24609
 Rudy  Sr	Cunningham	1954-01-13	32927
Renae	Iniguez	02/10/1989	53661
Sandra	Felix	31 Mar 1982	9446
Ruby	West	12/28/1978	97620
James	  Howet	1973-02-02	2357
Joshua	Guerrero	7/5/1984	34991
Dana 	Jones	15 Apr 1998	69676
 Salazar 	Kim-Smith	7-3-1994	90621
Jason	Graves	12 Jun 1951	95174
Timothy	Seal	9 Sep 1970	61790
Richard	Teed	2/20/1998	70138
Edward	Pacheco	1-15-1990	45339
Martin-Smith	Lorenzo	14/09/1943	71176
Margaret	Miranda	31/7/1951	50972
Kathleen	Renfro	06-12-1982	23867
William	 Gipson	2/7/1981	58659
	Whitham	4-9-1945	56381
Joseph Sr	Clark	21/01/1984	26373
Wendf	McDaniel	06/11/1940	8190
Joyce	Fielding	1997-2-18	41859
	Haro	2001-3-4	17849
James	Wise	unknown	51974
Ronnie		1937-2-24	34627
Jack	Blakc	1974-06-10	54367
Tyler	Clark	1970-03-08	17939
Roberta	Coulter	11-22-1963	13492
Flornce Sr	Priestley	1-30-1948	28347
Lynn	Eldredge	01 Feb 1986	90593
Antoinette	Wilson	11-3-2000	80960
Lillian	Casey	9-17-1972	66789
Linda	Ferris	1956-09-07	73934
Mark	Smith	8-15-1953	26374
Stanley	Deal	1986-8-7	72628
Kathryn	Gomez III	2/23/1997	35902
dewitt	Alvarado	1964-11-08	14861
Arthur	Sargent	1954-5-21	35603
Porter	Keith	n/a	37226
Jermaine	Fleming	05/21/1992	2329
sdeborah III	Rees	01-31-1973	90358
Ethel	Wilfliamson	1/4/1960	91954
Bessie	Sims	07-09-1955	44724
Gisela	Medina	23/12/2002	48608
Sullivan	LINDA	1980-03-10	82769
Manuel	Hive	1998-4-9	78126
Irene	McCarthy	1965-10-24	107
John	Lee	03-21-1937	18126
James	Fisher	05 May 1939	14813
Graciela		1 Apr 1947	36723
Beverly	McWilliams	1999-3-3	98313
Matthew	Heller	23 Jun 1974	51481
Thomas	Hornyak	05/10/1940	90936
nAgela	Hayward	9 Jun 1946	71993
Thomas	Duenas	10 Aug 1959	45895
Sheila	Ha	27/8/2001	7331
 Merlin 	Hooper	3/7/1987	16196
Wiliam III	Mason	1990-01-23	17668
Cindy	  Sands 	3/5/1970	41842
Timoqthy	Schmidt	20 Nov 1954	92892
ELIZABETH	  Roberts -Smith	16 Dec 1971	45518
Kayl	Hm	08 Dec 1967	61333
Joan	Feldman  	04 Apr 1987	71350
Christinze	  phea 	18/01/1986	78631
Suasn	Gonzales	10/02/1982	43620
Lorna	Kane	07/12/1942	83856
Wade	Cole	19/01/1998	49467
George	Thomason	2-28-1939	11618
Javier		1946-8-18	9963
 Daniel 	Rustin	1963-2-27	40611
Ruth	Smith	8 Nov 1941	41927
Adam	Ford	20 Apr 1969	79623
kelly	Webgr	1-27-1960	83248
cReta	Eubanks	3 Dec 1989	80574
Wallace	  Allen 	12-14-1949	51376
Darein	Cochran	19 Dec 1961	74764
Ty	Olson	3-26-1999	74055
Ruby	Bruce	11/11/1946	33848
Rebeca	Bean	09/12/1956	94127
dona		11 Oct 1979	13788
Richard	Molloy	1966-02-18	16987
Shirley	Saucier	8/15/1975	8680
Myrtis	Terry	1980-07-18	48756
Vanessa	Weaver	08-11-1957	70833
 Karen 	Allen-Smith	6-19-1977	93537
John	McAllister	28-9-1939	829
Christa	Andrus	2-7-1973	59291
Kathleen	Brito	18/2/1992	17465
dDoris	  Drayton	1937-3-24	76957
Artruo		26/11/1995	54587
Paul	 Athood 	1970-4-1	68696
David	Allen	9-9-1942	71699
	  Lucas 	10-07-1972	96004
Joshua	Gonzalez	03-01-2002	20478
Ardell	Smiley	1999-04-22	86513
	Jones 	26 Jul 1947	48379
Mary	Browder	21 Dec 1944	22159
Jeffrey	Lyons	07/01/1975	18709
Carla	Hale	07-31-1955	39586
Edwin	Reeder	08 Apr 1969	53021
 Carol	Pablo	02-06-1973	48974
	Crawford	1999-03-14	1562
Jennifer	Grahar	6 Apr 1984	13681
Vanc	  Marks	06-21-1994	97556
Antonio	Stricklin	05/01/1997	87355
Glne	Baumgardner	07 Sep 1963	89643
Gregory	Young	4/5/1945	39389
Lisa	Opp	3/20/1968	28905
Maurice	Williams	5/4/1985	235
Francisco	Garcia	07/20/1970	49102
Hugh	Ortega	5/4/1985	32969
Rachel	Bryant	17-6-1951	24377
Phiwllip	Bruton	3-1-1997	15425
Joan	  Hollen  	18/05/1938	96804
Cheryl	Meadows	9/13/1964	69662
Mayr	Poirier	08 Mar 1994	61975
Mayra	Daniels	2/5/1942	73990
Edward	Parsons	21/1/1941	95565
Rodney	Gill	unknown	16550
 Davd	MERCER	10-12-1994	21879
Inell	Winkard	10-20-1974	51393
samuel 	Banks	7-31-1991	1101
 Jacqueline  	Abbot Jr	09/06/1947	7433
Paul	Foor III	12-5-2002	78417
Brendi	Ramer	1949-09-25	39249
Susan III	Mechant	28 Nov 1989	4525
Ihna	Butler	1937-05-16	87477
Yoko	  mPace 	03/08/1988	47575
Belinda		25/04/1984	30453
Lorena Jr	Webb	1947-09-01	33246
Angela	Allen	30 Nov 1971	60593
Thomas	Hufford 	03/20/1989	76212
Jessica	Miller	08-17-1961	79304
Herb	Broadhurst	21 May 1986	46549
Andres	tSparks	1976-5-8	46691
Jamie	aBrnett	7-22-1946	69780
robert	Haug	2/22/1956	61817
Walsh	Eric	12-10-1965	64260
leonard		16 Jan 1975	43061
Patty	Garvey	20 Feb 1939	95082
Joseph	 Willias  	07/31/1972	51051
Mark	ePrry	11-22-1942	17924
Barbara	BEARD	1988-12-11	71887
Jeffrey  	Partain	1945-1-1	62201
Elizebeth	Perry	30 Aug 1991	27935
Annie	Knorr	9-8-1961	60664
Joh	Hernandez	04-01-1941	64995
Allen	Lewis	25 Apr 1988	69380
Donald	  Lang	1993-01-19	64830
Mary	Overcash	09 Nov 1996	12478
Jill		06/30/1964	1086
uth	Salter	11-12-1949	1607
James	Riddell Sr	1948-12-9	28350
Betty	  Dleong	17-9-1952	73565
Joanne	Tyalor	14 Aug 1994	70660
Felicia	Lancaster	6/14/1953	18211
Jennifer	Hidalgo	9/17/1969	15962
Lois	Smith	28 Jan 1964	83550
Debra	Weiner	12-20-1972	33805
Allie	Prom	1946-05-19	24400
 Ronald 	Foster	23 Sep 1942	68255
Brian	Williams	12/04/1956	94533
Ida	Saucedmo	22/10/1974	41048
 James  	Murpsy  	05/12/1992	33775
  Diwne  	Wilson	9/22/1958	47623
William	Reed	26/11/1987	67287
Richrad	Sanchez	12/05/1966	63651
Jacqueline	Karas-Smith	04/20/1976	39619
Wnda Sr	Barber	18/12/1991	69456
Ruh	Taylor	16/02/1950	47791
Trzacy	Haider	??	41953
Rose	Ruley	18 Jan 2003	74103
Shaaun	Hall	18/01/1960	29662
Hleen	Pomerleau	14/3/1962	73258
alicia	Dieter III	2000-09-25	4600
Gordo III	Brown	07/07/1942	11328
	Stacie	01-27-1954	66970
Peter	Chen	16/12/1948	7193
 Martha 	Schmidt	26 Mar 1953	26464
Jenny	Adams	07 Sep 1978	22088
Clarence	Davis	15 Jun 1949	34042
Rose	Smith	2/18/1953	94522
Mike	Woodall	1960-2-18	88901
qames	Lee	31/01/1945	90418
Filomena	  Trahan	04 Jan 1959	82530
 Damien	Brott 	03/28/1949	52918
Cora	alderete	02-04-1997	14294
Heather	Eialnd-Smith	3-3-1974	80320
Carl 	Simmons II	6/19/1959	77602
Mary	Dickey	1941-09-29	99791
Phoenix	Louis	08-10-1979	71451
  Stephanie 	Miller	29 Mar 1965	74522
Ronald	Weaver	1977-06-19	26899
Stephen	Dickinson	01 Jul 1966	17284
james	Perr	5 Jun 1961	81299
Jerry Sr	EVNAS	2/16/1952	23935
William 	Murray	4-7-1981	50636
Roberto	 mPerkins  	6/23/1953	97898
Jamie	Fry	12-19-1986	83308
Emma	Artis	2 Dec 1944	940
Billy	Dardar 	11-8-1939	12380
Romana		03/11/1952	98060
Enrique	Johnson	07/02/1962	69185
Celia	 Houston  	29 Feb 1984	44584
WILLA	  Meyer	8-8-1960	20725
Elise	Williams	1957-03-15	52542
Clyde	Laprade	02-03-1981	87223
Ruby	Darnell	9/8/1984	41680
Barbara	Thurman	22-11-1993	40056
Gary		6/5/1971	71009
Charlie	Kumar	02 Oct 2002	88661
Ignacia	Schneider	11/13/1955	48063
hantelle	Peterson	11-17-1939	85655
Ian	Guevara	see notes	60117
Marsha	Fields	1-8-1940	44020
Elmer	Foster	10 Apr 1959	47987
Sheila		1961-04-22	18984
Rhonda	Alber Sr	11-27-1946	65256
Zella	Bruton	11 Dec 1981	96642
Logan	Banks	1947-9-13	58863
Davis	Taliafrero	04 Aug 1943	40533
Devon	Nash	10-12-2003	24343
Bufore	Skelton	9/2/2001	84924
Barbara	Bunhch	see notes	89814
Philip	 Whaley 	13 Nov 1959	40725
Ronald		5-3-1986	34797
Carina	Newman	1991-10-28	68784
  Delbert  	Womack	10/21/1963	67210
Peggy	  atel  -Smith	10/01/1940	55124
cina	Walkowiak	8-5-2001	19808
Alba	 Wilson	1974-05-24	31849
Linda	Provost	8 Feb 1967	21585
 Wilma	Poole	11-2-1941	33832
ANGEL	tillman	06/21/1960	87742
Richard	Green	29 Jan 2001	28813
 Alicia  	Pangle	3/2/1937	73383
Karin	Benson	10-26-1956	39312
Andrew  	Wiylliams	27 Jun 1985	27493
Ethel	Cum	31 Jul 2001	84010
Abgnes	Nlil	01 Jun 1940	84631
Jason	Tanner	05/12/1998	12261
Ernest	Herniandez	1991-11-08	89208
Rice II	Louis	23 Apr 1972	33679
Kenneth	Bakre	04/07/1956	22635
Robert	DONNELL	12-17-1952	70083
Diann	Mrtin	18 Nov 1984	34249
Virginia	  Mdalm	12/8/1990	85882
Melinda	Kllar	5-25-1942	99129
Ramos	Joshua	12-08-1946	34830
Willie	Vaughan	09 May 1985	4587
Claudia	Brooks	5/8/1983	72812
William	Edmnds	4-6-1937	2373
Eric	Campbell	1961-7-22	72278
Larry	Vaca	3-21-1966	61046
 Dana  	Hedgepeth	10/16/1978	86816
Jean	Campbell	10 Dec 1961	29617
Penny	Hurst	23/3/1951	58316
Carmen	Roberts	06-15-1999	97727
Kathy	  McCartney 	12/29/1940	83526
	 Tilsman  	02/06/1946	44818
Nakisha	Frame	13/12/1969	79137
Jose	Pehrson	1/20/1973	73680
clark	Day	3 Jul 1957	76949
cary	Lewis	1947-12-19	39240
Geneva	Morgan	1939-12-08	85264
Carol	Hernandez Jr	29 Jun 1955	3533
	Bouck	1967-09-06	36083
Elaine	Hartfield	05/31/1961	32633
Kenneth	Perez	1939-12-13	39291
xurt	Shackleford	16-4-1941	29757
Shoop	Carlos	03-17-1992	15702
Phyllis	Satterfield	07/04/1951	19245
Stacey	Hinson	5-25-1983	95466
david	mPoole	10/7/2003	24917
Carol	Dvais	1963-01-19	99466
	Rodriuez	02/12/1984	59252
Douglas	Wilis	1940-10-15	53168
Wilylie	Jaramillo	10/15/1993	7600
Lucy	Bondurant	04-23-1971	23655
Anna	Kroeker	12/27/1998	46955
Charlotte	Lessard Sr	4/29/1955	41466
Dorothy	Henley	3-20-1951	7968
Fran	Satvo Sr	02-20-1986	12768
Marion	Moreno	1956-3-22	39612
Jeff	Luckett	12-12-1959	12634
Grover	Rickard  	10/7/1950	76349
 odi  	STANLEY	9-12-1977	79729
Eleanor	Rdoriguez	05/01/1984	64910
Marleen	Rembert	7 Oct 1943	76019
Robin	Campos	1950-8-16	38204
Peggy	  King  	05/01/1960	70778
  Ricardo		02-08-1998	92611
 Herbert 	Clayborn	12-12-1984	9011
Maryann	Griggs	18/12/1996	45298
Heath	Shea	1981-03-03	15565
Perry	Arrowood	12/6/2002	25302
John	Vaughn	23 Apr 1976	92739
Robert	Trujillo	21 Mar 1973	5834
Fletcher	ALICE	1990-07-18	42773
Irene	Bradley	11-15-1955	19338
Ervin	Dawson	07-08-1962	35379
Roxanne	Colnn	03 Mar 1942	64937
Paul	Hkght	5-16-1966	93114
Barkley	James	1979-9-9	57975
Sandra	Chandler	4-10-1994	22103
Michael 	Bostwick	25-12-1948	63314
Jacquelien	Kelson	1994-11-11	1420
Jerire III	 Frias 	10/16/1981	65406
Watkins	Barbara	29 Apr 1979	86226
Stephen	Newton	5/17/1978	47313
Holy	Bond	12-20-1943	10721
iCndy	Stump	06/09/1983	14834
Jose	Russo	13 Jun 1994	53285
zBen		12-12-1960	99225
Princess	Brown-Smith	30/6/1952	87927
April	Feltcher	12/26/1958	52088
Richard	Shelor	26/02/1988	19447
	Campbell	15/04/1938	65997
Gray	Marc	31/12/1990	86055
	Mateo	20 Oct 1979	45681
sJenkins	Susan	25/6/1988	41086
Patricia	Williams	8 Jan 1980	2735
  Juan	Shepard	24/10/1947	89594
Beverly	Williams	10/23/1992	85724
Denise 	Robinson	1951-11-13	91098
BRYAN-Smith		5/18/1974	86077
Anthwony	Schaff	12/25/1993	84919
Kenneth	Parra	4/5/1956	14548
Robert	Sowesr	1-15-1993	34409
Lisa	Martin	13 Jan 1983	50852
SHIRLEY	Jones	9-25-1971	77908
Mururay	Louise	6 Jul 1965	63505
Christine	Gullo	29/8/1976	97006
  Emily	Bretz	7-2-1966	59123
Rafael Jr	Coleman	31/08/1992	34554
Elizabeth	Morrison	22-8-1960	93676
Delores	McKee	2003-07-27	44265
Kathleen	Coward	11-8-1982	53088
Anna	Grant	02/25/1944	33223
 Krystli 	Green Sr	1937-6-18	29876
Maria	Botts	06-10-1941	28671
Rita	Otter	1986-3-16	45825
Morgan	Katryn	08/10/1973	59758
oohn	Meice	1984-05-23	33050
JOHN	Phillips	25 Oct 1970	49222
John  	McCune	13 Mar 1974	52498
Eric	McGuire	4/15/1990	66387
Monica	Meadows	1940-8-21	95766
Jmary	hill	24/12/1955	60364
Lauren	Arce	04-24-1981	27455
Kathleen	sspinal	11/11/1997	34142
Daisy	broywn	04-05-2000	78219
Jerry	Peterson	1942-05-21	90077
Eunice	Lish-Smith	10-21-1953	47542
Patriciwa	ROBINSON	12/11/1978	91944
Claire	Schwenk	07-12-1989	48075
Matthew	Lara	5 Sep 1980	99669
Refugio	Vernon	07/31/1984	75526
lGenn	Brown	1993-11-08	82934
Gloria	Chandler	1983-09-28	94208
Blake	Wilkins	10-25-1973	89373
Brian	Roberts	12-09-1988	73840
Barbara	Fields	1966-10-13	8286
Cynthia	Ewing	1971-07-21	85386
Judy	Harris	08/04/1950	10002
Aleander	clark	13 Feb 1984	93051
Gene	Batiste	19 May 1966	57441
Christena	Rodriguez	16 Jun 1966	78916
Sue	Dyer	25 Nov 1945	30862
Chad	Morris	29 May 1956	62869
Julie	Hardy II	7-1-1959	57348
Margie	Wargo	29/12/1964	72443
Richard 	Pehlps	25/03/1943	35207
Ceacelia	Combs	12-18-1956	69033
  Davryl  	Scott	5-21-1985	97346
Terry	Goldman	06 May 1984	6229
James	 Gilmore  	19/09/1997	24916
Anthony	Hyland	08-25-1995	3749
Eleanor  	Hayes	08-11-1981	58176
Steven	Woods	09-04-1986	58417
Casey III	Rogers	14 May 2000	33774
Jogeph	Fihser 	2002-6-4	9438
Edward	  Moore	2/22/1997	31714
Ann	Parry	29/01/1990	41116
Andrew	Bown	1982-02-11	46514
  Ryan  	Profit	03 Oct 1968	86000
Lamont	Williams	06/30/1985	67829
Phylylis	Harmon	1968-12-2	13841
James	Massie	02/11/1943	84587
Frank	Putman	28/08/1997	75723
marie	Luis 	24 Apr 1946	3511
Brigida	MCSHAN	8-25-1982	63827
Jonathan	Blanton	4-12-1984	70816
Trevor	Woodruff	01/27/1944	62397
Raymond	Eastman	04-07-1954	8244
Murphy		11-4-1960	6325
Cynthia	Leach	1954-06-18	48141
Kathleen	Leal	12-12-1976	22696
Jean	Burkes	1-10-1942	18433
Delee	Grace	1999-03-14	42275
  Stephen  	Morgan	11-19-1978	41975
	Smitph	n/a	85299
George	elch	1973-2-14	28264
Deborah	Brand	07-26-1990	36943
Rose	Fenleiy	05/05/1937	59349
Michael	Montano	1-13-1972	22652
Joe	Lopqez	1973-11-25	31701
Margaret	Keeley	2001-02-12	77813
Valeria	Ose 	10-17-1939	2251
Kathline	Martin	2000-06-10	10735
Katheen	McGowan  	1988-10-26	61620
  Karen	Crawford	07/27/1964	35332
Toimothy	Wass Jr	1939-12-17	37673
Mauy	Hanson	1990-11-25	48140
George	Stokes	1944-07-06	53534
Patrck	Scott II	1968-12-12	67093
Arthur II	Palmer-Smith	4 Jun 1954	56792
eBrnadette	Mason	03/03/1962	44945
Cristen	Orosco	20 Jun 1971	69547
Lois	  Nguyen 	11 Jul 1949	36048
 Ryan	Ellis	12/01/1992	58670
NATHNA	  King  	30/9/1984	31391
Jensen	EMANUEL	26 Jun 1977	12643
 Thoma 	powell	18 Oct 1940	47194
Matthew	Farrow	27/11/1959	92696
Donald	POWELL  	12-3-1956	81577
	jWoods	05-03-1970	83272
	Lambert	1944-10-08	99712
  hJohn 	James	1/4/1982	35933
John	Besser III	21 Feb 1966	65435
Diae II	Crowe	01/05/1968	68229
Jon	Davis	12-26-1950	8749
Angel	Winstead	12/11/1939	85729
Jefrfey	Thompson	10-21-2002	32114
	Hill	04/04/1965	57963
Keely	aEly	09/18/1954	17997
Willim	Jefferson	22/4/2002	2241
Evelyn	Mays	04/07/1952	50552
Jill	Ramey	4-12-1996	75759
Sylvia	Kidder II	30 May 1999	34440
Josehp	Dey	10 Nov 1990	3381
Gary	Patterson	1992-04-13	40027
Foley	Douglas	2000-12-15	48972
Allen Sr	Lopez	30 Dec 1989	88879
Tina	  Marchand	8-4-1958	57156
Ray	Messer-Smith	12-9-1973	41223
tAnna	Brown	1948-05-11	78964
Jeanninne III	Monroe	24/06/1961	64196
Lawrence-Smith	Hyatt	1941-07-10	53086
Donald	Rice	9-17-1955	40151
Glenn	Dooley	1/10/1969	24075
  Cecilia  	  Pyron  	1990-02-03	20394
DANNY	Blount	03-04-1994	53337
 Davis 	Aprtl	03/04/1990	26521
 Ophelia	Samayoa	22 Sep 1991	19006
Mark	Lipton	04-06-1942	38786
Brandon	Coleman	24 May 1968	61420
Joan	  Phapneuf 	16 Oct 1985	89051
Eilnor	Cotto	10/01/1939	59647
david	Rown Jr	04/07/1949	5338
Bessie	Dunn	11 Jun 1969	92758
Davd	Odom	19-8-1978	58252
Kevin	Row	1952-10-28	61288
 Duane  	Richards	1994-10-29	39997
Christian	Ali	11/10/1940	39134
Pedro	Winstead	11-21-1973	59542
Leslie	Brennan	1990-7-2	5803
Kathy		02-15-1944	55172
Mary	Hbddad	12-25-1982	73544
 Robert  	Ly III	11-13-1994	35754
Larry	Sherman II	23/07/1959	11670
Cindy	Richardson	22/4/1940	30265
Donald	Corona-Smith	18 May 1944	35621
Joseph Sr	 Johnson 	03-04-2001	29824
Grant	Lee	1995-09-03	70008
Vicki	Smith	23/04/1966	33806
Joyca	  Broaddus 	3-14-1966	85720
Sean	Wilkini	17 Mar 1945	88636
Catherine	Pugh	n/a	35827
Gary	preston	24 Apr 1987	8967
Jacqueline	  NALL 	20/09/1998	40384
Georgette	 Anderson	17 Jul 1937	81084
THERESA	Emery	10/07/2003	65902
Roy	kessler	02/03/1984	19043
albert	Gannov	18 Dec 1952	96645
Westbrook  	  Angela	1957-6-19	24305
Jamie	NETTLES	7-7-2002	66183
Margaret	Edmond	11 Jun 1940	91229
Ran	Compton	1-13-1954	74713
Richard 	Gerrard	1981-6-24	46701
Lawrence	Taylor	1964-9-3	99654
Laura	Browning	11/5/1997	79213
Lukie	House	21 Feb 1975	66661
Howell	Casey	05 May 1998	39442
Genoveva	Bisson	1992-06-08	93418
Kathryn	 Mullen 	??	17938
David	Ward	1953-11-30	36329
Willia	Corcoran	07-27-1997	21052
Libby-Smith	Zuniga	17-5-1965	58602
Pamela	Yanez	12 Jun 1957	19785
Matthew	Williams	10-08-1962	17173
Roberto	Green	13/8/1938	97039
Timothy	Nunez	17 May 1975	71411
Meliss	Gurley	10-12-1943	14720
Bety	Poyrche	4-5-1987	78515
 Michael	Evans	2 Jul 1995	75531
Alicia	Brooks	1-17-1943	73600
Terri	Connr	2003-8-6	11600
Robert	Soto	10-17-1971	92407
  Kathryn  	Raynre	2001-6-8	11752
Robert Jr	Dunneback	18 Jun 1966	63308
Brandon	Gilliland	1940-07-16	75463
Sarah		29/12/1956	49600
Fredrick	 Romero	15 Nov 1948	10526
Sanchez	Alma	7/10/1973	4125
Micheal	Roiullard	20 Feb 1950	68825
Thelma	Figueroa	09/10/1946	52460
William	Wilson	1993-10-01	39841
Kathleen	 Alonso  	7-15-1993	50070
Lerey	Pagan	14/11/1939	26659
Mattie	Grice	02-04-1988	99725
Eugene	Stclair	1991-07-16	9697
Thomas	McFarland	1971-8-4	48028
Erica	Black	03-25-1943	12169
Dorthea	Edwtrds	12-2-1993	29299
Dean	qarber	23 Dec 1978	86356
Berry	Mora	12/12/1978	19535
James	Grider	1948-5-3	51909
Yvonne	Clarke	01/10/1991	8754
William Jr	Duarte	23 Aug 1991	68001
Rboert  	Campbell	16 Oct 1968	43445
dianne	  Dowell  	18/04/1996	39855
Raymond	Bullock	06 Jul 1966	45808
Bryan	Langley	1973-10-26	43000
Bertha		24 Sep 1982	71879
Piggott	Alireda	06-16-1957	64959
Mildred	Lindley	2003-7-27	74658
AAORN	Tetrault	6 Aug 1938	5754
Manuel III	Clark	1974-4-29	6343
 Amanda 	Hollander	29 Mar 1993	5828
Mary	Chappell	10-14-1983	38031
Erin	Shelton	2-17-1951	54434
Andrew	McGhee	11/30/1951	47866
Edna	Cunningham	31 Mar 1984	95441
Delores	Gray	9/14/1952	46353
eJrry	Duby	11/21/2003	62228
patrick	Marshall	26/12/1986	93426
VICKI	Distefano	25/1/1965	16128
Trevor Jr	Pace	31 Oct 1989	41493
Alan	Cruz	11-27-1995	86812
Autumn Sr	Wgst II	01/08/1974	85939
Patrick	Holloman	06/10/1946	7353
Timothy	Stokes	02/10/1976	43094
Todd	delson	04/28/1965	44028
james	Bailey	12-26-1944	36543
 Augusta	Francis	14 Feb 1956	94991
Claire	Butler	7-6-1987	50794
dave		1-24-1985	42555
TIM	Cooper	20/05/1937	35727
James	Lopez	1984-9-14	83175
Paunl		n/a	42369
Madgaret  	  illalobos	05 May 1978	18993
Kathryn	 Hockensmih	5/27/1967	37823
Alice	Pate	1988-09-06	63140
Paulette	Emerick	1948-8-28	95344
Tony	Ho	1970-11-28	40024
Robin	Peery	1973-09-26	85451
Jason	Kenny	03/28/1993	22207
Melvin	Leal	1952-07-29	50250
Anderson	Arce	1974-7-13	30933
Theresa	Kugler	23/03/1965	29583
Lee	Owens	10-10-2001	33203
Sylvi	Johnson	20/11/1982	96999
 Carles Jr	Clark	14 Jun 1994	16674
  Adrian 	  Perez Sr	1962-09-12	71191
eric	Wilson	23-4-1952	87103
 Marcus	Flores	??	50723
Michael	Iperce Jr	03-14-1945	33934
	Platt	??	61974
Peter II	fGlenn-Smith	1979-2-8	90916
Lauri	Caverly	11-20-2003	98766
Fyae	Jones	09-01-1983	94036
KYLE	Whitlock	5/2/1986	45819
Margaret	Tistus	28 Oct 1948	94093
David	Bstic	03/25/1971	85147
	Eagle	30 Aug 1988	38032
Cahrles	Reed	24/05/1991	35741
Edward	Hinojosa	1959-02-06	59827
Gerald	Middaug	14 Feb 1937	86109
obert	Martin	6-4-1970	42149
 Kristina 	Omallty	1944-12-02	42127
Susie	Morris	1952-9-29	68325
	Massey	05-19-1992	50966
Neville	McCombs	02-12-1989	87619
William	Smith	07 Oct 1962	4483
ieanne	aSnchez	1975-06-08	56415
Jud	Foran	10/25/1998	24645
Larry	Ramirez	04-30-1955	70203
 Frangces III	Sims	30/11/1938	72828
David	Lyon	2/27/1959	94708
Kevin	Tews	09/30/1997	25854
Christine	Fisher	11-29-1954	16923
steven	Shields	07/18/1989	79306
Jeannette	Eastman	22 Mar 1992	45390
Jamefs	Smhrt	22 Jun 1957	22001
  Dennis  III	McCure	8/28/1953	81320
Norma	Chambers	06/08/1951	81672
hSerry	Molina	04-06-1997	92768
Stephanie	Shields	1988-09-25	61783
Robert	Parks	09/10/1966	45839
Crystle	Thornton	12/20/1991	70364
Guillermo	Kemp	6/20/1959	77763
Helen	Cassady	2-14-1965	10582
Ryena		10/31/1978	3552
Willis	Greenwood	10-24-1989	34402
hJohn Jr	Peterson	29/10/2002	9478
Cora	Lunsford	2-16-1943	38387
Joseph	Martinez	1-16-1968	68606
Charles	Barretpt	04/17/1956	522
Edward	Mock-Smith	01/22/1966	38086
Kisti	Moore	1948-04-05	95113
Mark	Fields	17/11/1967	80383
Mark	Jarrett	1969-05-31	84465
Kimberly	Hunt	1979-1-12	5157
Diana II	Jonecs	9-15-1998	91341
Crlucci	Kimberly	23 Apr 1988	15001
Michele	  Napier 	6-21-1947	42222
Cheryl	Boynton	13 Oct 1944	20078
John	Faulkner	8/15/1998	50214
Terence	Ramsay	04/24/1976	42527
Anthony	Helle II	05/04/1995	67848
Joseph	Armstrong	16 Sep 1989	29082
Roger	Schnell	22 Feb 1949	563
Jerome  	Lopxz	9-24-1953	68450
Rene	Clarke	23/12/1973	93388
William	Wirght	10-19-1985	88887
Jerome	Woodward	28/12/1988	4628
Jessie	Kenny	01-15-1950	56143
John	  Bradley 	8/26/1941	38663
Damvid	Park	2 Jul 1991	65229
  Luis  Sr	Bizzell	4-5-2002	78808
  Philip 	Grubbs	1954-06-11	47576
Corjy	Campbell	23 Jun 1955	32916
Roberw	Clfark	12/4/1996	36447
Abernathy	Mary	24 Oct 1937	42835
Gerald	Geddes	2003-03-24	91014
Ivan	McKay	1/19/1942	38688
Farnklin	Stevens	18 Dec 2001	22153
Reuben	Grisham	11-5-1939	91847
Ines	 Marshall  	28 Oct 1957	80379
Joseph	Walker	24-8-1959	32583
Mickens Jr	Robert	12-27-2002	99193
Troy	Fredericks	12-16-2002	29827
Mary	Nbvello	06-06-1956	87888
Marene	iTalbot	05/03/1979	47688
Kristine	Smith	6/11/1937	63414
 Dorothy	Downs	02-14-1991	66475
Ricardo	Bryant	10/29/1957	96940
Raphael	Keeter	31/07/1937	19533
Ronald	 Carson	1943-06-14	55340
Ruby	Allman	04-12-1985	13396
Christopher	Rowe	21 May 1999	51234
Ardith	McCoy 	1976-09-29	52731
 wesley 	ohnson II	1/17/1982	71077
Andwrea	Castellanos  	21 Apr 1985	30399
Marco	MILLS	10/10/1946	71641
Dwiana	Hampton	28 Jan 1939	72372
 RODNEY	Briggs	unknown	43974
Patrick	Davis	1961-3-22	50203
  Erin	Ackerman-Smith	1/2/1966	4788
John	Wynn	02/18/1996	47418
	Owens	1995-9-14	27286
 Lori  	SCOTT	26 Jan 1963	47950
William	Parker	03/05/1961	58802
Reginald	Danielson III	10-31-1947	20015
Louis	Smitp	1937-10-7	62767
Angela	lewis	08/07/1956	86068
Nicolle	Wiles	13 Jul 1956	51430
Marion	Grant	22 Sep 1972	45776
Julie	Dempsey	14 Feb 1972	85254
William	McClaib	1937-12-13	23594
  Dirk	Nunez	05-12-1985	67691
Bethany	Dakis	10-4-1942	75994
William	Riqvera	6-15-1952	36618
Ruth	Mickelson	1937-11-18	72343
Nora	Williams	04/24/1972	15743
Angela	Hutchinson	1987-11-08	27483
Shawn	Sanhcez	1953-9-1	28340
Edward	Valenuuela  	12-31-1981	12800
Francine	Amundson	12/13/2002	42370
Georue	Quik	30/05/2002	11064
Ellehn	Jones	1951-09-17	97711
Emilie	  Cruz  	30/3/1981	76793
oRnald	Collins	06/24/1987	36457
John	Wilson Jr	1973-4-4	36464
Ashley	zNelson	1998-07-19	23991
	Huffman	30/10/2002	42901
John	Bassett	3 Oct 2002	23438
Charles-Smith	Pincus	18/11/1974	19285
John	Sturgeon	07/10/1939	59589
Nicole	Woods	see notes	76839
Toby  	Chong	02/28/1998	53447
Keith	Poe	1990-07-26	14341
James	Owen	29-4-1977	20398
Melanie	Welling	18 Feb 1943	19977
linda	Hayden	6-14-1939	81121
Cynthia Jr	Phillips	9-19-1940	10618
Jed	Crosley  	29/06/1999	89985
William	Quintanilla	2-23-1950	33489
Dmon	Stimson	06-15-1962	1434
 Vera	Rowlands	07-08-1937	81155
Lisa	Andrade	18 Jul 2003	68908
RICHARD	Campbell	30 Nov 1986	86272
Ethel II		1971-10-03	33252
Karen	Clark	11/11/1937	84150
Florence	Figueiredo	1990-10-03	16171
Edris	Johnson	1948-07-23	22102
Al	Kern	12/06/1978	6871
Jxmes	Vanhoose	6/28/1944	76984
Stella	Ngo	4-28-1962	3654
uJanna	Calles	5-27-1948	29280
  Helen  	Baker	02 Apr 1957	89400
Andrema	Galusha	1988-10-18	37003
Tonya	Lee	27 Jul 1962	3149
Amnda	Cowan	1948-08-30	68989
Mattie	Davis	1986-03-26	47317
Kathy	White	2000-1-20	38206
Odessa	Watson	17 Aug 1983	27404
Michael	Lackey	07 Dec 1990	44703
Albert	Wels	06/12/1939	35997
Jonathon	Janis	17 Nov 1963	26270
Lance 	Nickerson	03/09/1966	50943
victor	Kane	4-30-1967	48336
Bernard	Mapes	2-17-1960	38814
Paul	Smith	9-14-1942	27351
Jcuan	Aiten	07/11/1999	75646
  Gary	McCleery	1951-07-01	27273
Ian	Gano 	14-11-2002	6102
  Roosevelt	Waring	1991-2-23	29297
Hubert	Taylor	11-11-1941	98979
David	Hansen	7 Nov 1974	57138
Thomas	  Jacobs  	10-09-1984	10579
Brain	MAY II	1990-03-20	72600
Steven	Wetzel III	21 Apr 1972	3445
Lawresce	  Biddle  	04 Apr 1956	36883
Willis II	 Greenwald   Sr	08/13/1997	44509
	Lopez	1975-09-18	91579
Betty	Link	10-18-2003	3158
Linda	Hobson III	1953-1-18	15707
Joan	Webb	14/1/1997	52338
Arturo	Saner-Smith	02 Nov 1967	25114
Jodi	  Rodriguez 	2-11-1990	52276
Kenneth II	  Russell  	1996-11-04	50389
Mary	Vreeland	08-13-1939	70016
Keith	Casiano	unknown	91611
Charlene	Larson	22 Jun 1987	36230
Laurence	Oslon	07-18-1995	85783
Mildred	Hicks	1954-06-08	28427
Charlotte	Ayers	30/07/1992	53799
Roberto	Mcrtin	1960-07-18	81015
Robert	Pollack	01/25/1943	45994
Joseph	West	1973-06-29	54059
David	Castillo	1990-12-16	17406
Frankie Sr	Beltran	29 Apr 1992	71587
Betty	Fine II	11/14/1943	985
mary	roseman	04/03/2001	8457
Edwin 	Matthews	06/23/1951	84744
Susan 	Long	03-03-1986	63778
Troy	Brown	12/2/1993	39931
 Ada	Williams	08-15-2002	16950
Jhn	Roberts	1-21-1983	21149
Shay	Scheidt	4-30-1998	90754
Nicholas	ALBRITTON	01-08-1978	77359
illiam	Redd	09 Aug 1969	75239
Lyman	Noyola	11 Jun 2000	31418
Chantel	Camacho	02/20/1988	45999
 zLee  	Hill	01-28-1989	89998
Jamie	 Clanton	06/02/2003	17355
Sandra	Schock	07/21/1938	80382
Delores	Holt	1977-10-08	19544
James	Hadley	29-9-1949	74921
Allen	Rine	12-4-1973	18144
Felicia  	Valero	9 Feb 1938	21113
Rufus	Henderson	02/09/1955	20807
	Royse	04/25/1980	16807
Patrick	Breeding	10/29/1988	69279
Margaret	Gpier	17-3-2002	42349
Sonia	Vinson	09/20/1970	82649
Jeann	Baieley	9-11-1991	54921
Erika	Peel	1992-09-03	57755
Julie	  Brown  	19 Oct 1985	60515
Dodson	Ronald	1948-03-10	27882
Gary	Alexander	06/04/1969	65884
Clement	Stephens	17 Jan 1961	91858
Kim	iPnckney	9-7-1975	37169
Martha	Torres	1959-10-22	18979
Gary	Davis	??	52939
Donna	White	10-17-1937	29800
Linda	Senior	2000-08-26	39788
JONATHAN	MOORE	7 Apr 1972	65296
Fran	hmon	11/30/1970	69292
 Tracy 	Hendricks	2/12/1987	72610
Brian	Logan Jr	1995-09-04	44524
Kathleen	Aarons Jr	1958-10-4	91791
Dana	Cronin	05-28-1939	99736
Louis	Harrs	01-23-2004	65507
Timothy	Castro	12-23-1995	16313
Debra	shope	23/03/1949	99394
Michael	Anderson	8-27-2002	88451
Carl	Pinion	1983-10-29	48702
Aletxander	McMahon	10/25/2000	54551
Tod	Ramos	2-7-1963	50228
David	Bkradshaw	01/11/1976	2036
Ronald		1966-04-08	36862
Kevin	Hall	19 Oct 1994	26221
 Dale  Sr	Haro	8-25-1966	79507
elaine	Lam	09/01/1989	104
Lawrence	Westbury	1/25/1992	8383
Catherie  		1998-02-22	15939
Jufy	Lee	1945-11-29	82510
Rudy II	Smith	11/28/1950	28491
Bodnar	Anthon	1940-02-01	43005
Jaocb	Williams	01-24-2000	4946
Gracie	Alfonso	1948-5-1	19368
Christopher	Hurst	1991-4-15	88005
Dwayne	Anderson	1975-9-26	65711
tDavid	Carone	14/4/2001	93302
  Ronald	COFFEE	4/3/1995	80241
Larry	nagle	07 Jul 1999	25545
Rita	McKay	16/03/1941	54624
Gary	Carroll	04/24/1998	20892
Melisa		1950-12-6	8571
Bryce	Coleman	03-24-1951	23237
Kathy  Sr	Collins	05/24/1944	59263
Joseph	Toman	09/19/1992	9268
Kelly	Cshwartz	10/16/1980	82165
Danielle	Bgoykin	11/4/1959	7560
  Gary		18 Mar 1946	2070
Monica	Ard	1941-03-12	75246
Guillermina  	Ott	25/08/1954	41274
Oscar	Estes	26 Jan 1982	6428
Victoria	Hudgins	25-5-1958	6031
 joan 	Baughman II	1965-3-3	19178
Edward II	Holland	1990-09-25	97533
Joln	Gigg	21 May 1973	40525
Joy		1950-04-26	6110
Mary	Stumpf	11-1-1962	4135
Jene	  Macha	5-19-1961	18183
Leroy	Pierce	10-30-1941	9410
ROGER	Wolf	08-17-1995	63689
Laery	Thomas	11-29-2003	13215
Johnathon	Mayo	3 Mar 1977	90561
  Leonard  	Jones	20-9-1968	32138
Virginia	Schank	7/2/1969	5524
Jason	Flores	27 Apr 1971	69116
Mike	Morris	05-07-2002	21772
Barry  	Arnold	7/8/1986	80263
Audrs  	Budrney	31 Mar 1977	42052
Wanda	 Fulterson	25 Jun 1952	77950
Carol		1937-01-29	28444
Clarence	Dorsey	10-06-1956	37810
Chad	Mosquera	05-21-1966	63244
mlorence	Hudens	7-13-1960	28275
Mary	Cook	09/30/1979	69392
Bruce	Anderson	02-11-1943	89654
Jesus	Donovan	02/11/1978	40261
Jamey	Fahey	12 Aug 1953	39987
Dorothy	Cope	25 Jul 1956	50678
Wiilliam Jr	Gregory	21 Oct 1966	46067
florentino	Jackson	03 Mar 1960	84745
Stevte	Johnson	2003-09-06	21754
Robert	Plummer	18 Oct 2001	70397
Bellows	Joseph-Smith	01 Mar 1983	74219
Joann	Hernandez	7-20-1975	61906
 Josh	Stewart	02-26-1976	41475
Jimmy	Heath	6-27-1950	21438
	Singleton	12 May 1984	17447
Clinton	 Belew  	01-08-2000	52335
	Jolly	03-01-1950	7078
Joan	Buterbauugh	9-11-1945	31107
Benjamin	Sokol	1976-05-14	27991
	Clark II	04-08-1976	3068
Lisa	Ham	1/3/1958	75872
Bryzn	HARMON	10-20-1951	60369
Thelma	Huse	22/8/1992	12900
Cox	Shari	02-18-1974	22015
Ron	Keffer	1961-10-5	87449
Mattie	Thompson	1992-8-28	88139
Rosa	Hodges-Smith	8-17-1976	43634
 Clarence 	Thomnas	04 Jan 1940	26736
Joyce	Ewing	14 Jul 1942	80842
Maria	Costello	1969-12-18	38033
Ronald	Cauthen	1991-12-26	10593
Bertha	upton	18/07/1987	43654
Victor	morrison	15 Jan 1955	52410
Nydia	Blanco	02 Aug 1977	46086
 Laura  	Harmer	1955-1-5	61029
Nicholas	Johnson	1999-09-04	14025
James	Preston	02/02/1977	6227
Jennie	Stewart	1999-12-21	46241
Cody 	arcia	23 Feb 1943	98292
Virginia	Lynhc	09 Nov 1954	84719
Charles	lNash	21 Nov 1943	21612
Jeremy	Smkith	12 Nov 2002	82430
Patrick	Smith	10/22/1937	27117
Cheryle	Jones	1960-4-5	22239
Peter	Goodloe	04/28/1990	29779
Donald	Zeigler	1981-07-09	449
Richard	Shapiro	1977-01-31	40920
Michael	Smith	7 Dec 1942	61060
William	mith	1955-04-06	99386
Shirley	Fleming	1997-04-26	67700
Jacquelie 	Santos	8/14/1959	93899
TINA	earhart	1993-06-08	13166
Mercedes	Spear	05 Feb 1956	42081
Angel	Mynatt	1941-01-31	19054
 Mikel	Nelson	08 Jun 1968	8779
 wary	Perez	1970-05-24	76469
aWren	Kelly	23/06/1956	45615
John	 Nguyen	11/09/1951	48834
Brittnay III	Tam	06/23/1975	25880
Ada 	Holsinger	4/4/1962	54200
 Clark 	Mills	08/03/1973	45957
Laura	Washington	12-05-1963	63666
  Linda 	Wiggins	26 Jun 1976	86639
Sanders	Cyril	5-6-1967	74415
ouglas	Tucker III	29 Jan 1993	96861
  Davida 	Kelley	1989-8-8	77868
Maria	Sallee	14 Jul 1972	98878
Brian	 Berry 	30/12/1966	92774
George	harris	2-18-1959	67445
Glenda	glexander 	20-10-1965	53252
Bernard	Fuller	8/9/1963	90849
Catharine	Price	25 Mar 1998	63674
William	Damiani 	7-12-1997	28969
Shaia	McDuffy	1957-04-16	85385
Lavergne	Elizabeth	01-13-1987	88502
Jerome	Hmablin 	08/25/1972	36963
Dorothy	Copes	1952-01-02	72648
Veronica	Clark	08-11-1937	53263
  John  	Floyd 	unknown	90028
 Charles  	Savage	09/28/1979	40615
Wanda	Mohr	4 Oct 1950	80751
	parker	01 Mar 1971	33102
Pamela-Smith	Mendoza	see notes	61847
Robert	haught	1976-03-07	41858
Versie	Fisher	19/09/2001	30494
Helena	Kruse	9-7-1973	51681
Gary	Gutierrez	11/4/1998	63504
Victoria	Swartz  	16 Sep 1968	85748
Kevin	Christian	02-05-1958	78802
  David  	Mccampbell	13-5-1952	93129
Mildred	Small	06-21-1938	90496
 McDuffy 	Jeses	20/7/1999	99863
Guy	  Wood 	18 Jan 1939	88752
Sarah	Brown	28 Mar 1942	63306
Willie	Montgomery	5 Mar 1992	18162
Chamrles	Gatlin	30/06/1964	46044
gohn	Lewis	2-19-1937	55013
Ernest		06/04/1960	4885
Mary 	chamber	11-16-1944	35251
Jon	  Oliavs 	18/02/1949	97746
Lynda	Watson	23 Jun 1957	28550
Matthew	  Parkef	21/08/2000	12776
	Lawing	28 Oct 1982	76352
 Kimberly  	  Moore 	7 Feb 1941	95597
Sylvia Sr	Allen	1995-10-07	23595
wilbert	Granberry	13-6-1951	57838
	Gagnon 	03-22-1998	1747
Charles Sr	Troai	04/01/1940	26306
Curtis	Moore	1937-8-1	93607
Richard	Connolly	5-3-1959	78338
Ricky	Robinett Sr	1968-2-10	90499
David	White	08/09/1937	91360
Jason	Boyers	07/02/1948	90575
 Donald 	Rickma	03/14/1950	82377
George	Coggin	01-24-2000	46389
  Denise  	Groh	04/05/1970	51851
WILLIAM	Smmth	11-16-1942	57959
Emily	Herrera	1950-03-13	34161
Wilbur	 Cuevas  	2/28/2000	77601
	tucker	19/10/1960	54736
 Derrick  	Brown	1957-10-5	73478
Paul	Lumpkin	1970-5-3	38061
Abbie	Phillips	n/a	6369
GUS	Hgoward	09 Apr 1998	19426
JOSEPH		2000-05-19	27045
Jacqueline	Deleon	1979-09-14	29094
Leopoldo	Jackson	23 Jun 1988	40007
Jaime	Phelps	1998-7-5	3034
Lucille 	Hill	4/7/1977	41309
Patricia	PERRY	3-2-1948	20229
Reuben	SHADWICK	1938-4-29	8362
Castagna	Nmil	1-3-1970	15950
Wendell	Clements	02-26-1973	27070
Brian	Rudd 	16/11/1952	48090
Frederick	Blankenship	1969-12-3	54522
Helen	Boyd	11 Nov 1975	71276
Kivm-Smith	Maston	27 Aug 1949	22527
Kenneth Sr	Joves	11/2/1976	39732
Francisco	Fremean	06/01/1997	36568
Julie	Lucir	1980-03-31	70563
  Zachary 	Torres	06/21/1947	33544
	Cordero	15/10/1967	15689
Richard	Fishback-Smith	28 May 1981	95664
Paula	Bxter	1980-1-18	65429
Carlsen	Glenn	5/3/1978	30983
Raymond	Taylor	29/10/1964	79717
John	Lowenhal	24/10/1981	27923
  John	Kestner	29 Oct 1957	89625
Cathy-Smith	Daniels	7/5/2003	3613
olive	Anderson	07-05-1940	33847
Rebcca	Fontaine	03-16-1999	93161
Jeff	Evert	04/02/1997	32394
Amanqa	Watson	8/13/1964	51625
Reynaldo	 Gallardo 	2/27/1945	50819
Victor	taft	21/03/1968	72553
Demetria II	santos	21 Sep 1983	11920
Clayton	Bradshaw	30/06/1945	45581
Richard	Soto	3-11-2003	64228
Ted	Jefferson	18/04/1997	19743
Kathryn	Currin	06-02-1989	74442
Thomas	Correa	1977-7-1	60438
Dennis	Jackson	27/8/1957	40422
 Helen 	Morton	01-26-1990	94325
nna	Brooks	5-27-1968	69942
Berry	Smith	1993-8-10	49490
ALISON	Larkin	6-2-1969	89613
Juan	Peltier	18/1/1959	4731
Sandra	Edwards	1989-09-05	92964
Bobby	Monnier	19 Feb 1975	36752
Steven	Helton	1971-08-09	38364
Jerry	halliburton	11/8/1953	19420
Donald	Hjrd 	02-20-1951	78548
Nicholas	Jewell	6-23-1973	13111
Karen	Tengag	03-01-1984	17038
Charles	mcknight	01/18/1966	44183
David	Teixeira	09/01/1978	74372
Vicente	Metcalf	1957-9-18	53843
Michael	Pappas 	1958-3-15	64929
Arndt	Florence	17/8/1962	64338
Jaxsmine	Sabbagh	10 Nov 1974	49430
Jeffrey	Mezo	??	36730
Tabatha	Torrez-Smith	06/24/1945	2450
Mkiles	Andersen	11/03/1979	12809
Barbara	Moyer	04-05-1990	12282
Vpicky	Randall	12/20/1968	10935
Matthew	Lor	13 Jun 1962	57847
Hallock	Paul	24 Feb 1954	25062
  Tersea  	Givens	13/1/1979	61805
Lias	Holmes	03/02/1939	39189
David	Dixon	2001-05-24	20757
Yasmin	rBown	1951-05-26	46391
Kathy	Frost	1986-3-5	60263
Velma	Vaughn	3/6/1975	2210
Louis	Russo	27 Jun 1939	92782
Monica	Smith	5-18-1953	30395
Howard	Huck	3/22/1965	93219
Maurice	Hoyle	25/03/1981	10228
Elise	Padilla	06/09/1945	39023
Amnada	vMills	1944-07-11	35088
David	Hoffman	1939-02-11	98584
vonda	Morris	8 Mar 1955	65893
William-Smith	Allen	1994-12-1	66303
Aaron	Diego	8 Nov 1991	53781
Jill	Reyes	1973-01-27	87069
  Carla  	Burdge III	07-18-1981	63647
Robert	Bruduer	1978-09-27	71159
Rebecca	Bushee	9-23-2000	62272
Gabrielle	Wehr	unknown	76879
Estela	Williams	9-29-1972	302
Barbara	Walker	23 Oct 1985	38429
	Bevis	12/07/1954	48550
Theodora	Stepp	1969-12-01	82562
Margaret	Bradley	10-20-1970	11272
Thompson	ichael	07-18-1981	23041
	Kdnowles	1958-1-21	22171
Alma	Bihl	1969-08-22	33061
  Laura  	Sanders	2003-1-9	5045
Donald	Stern	06 Aug 1939	41898
Barbara	Ruiz	1988-04-17	7182
Pyne	Heather	12/07/1953	4590
Bryan	 Dunne  	12/28/2001	67122
Samuel	Goodman	01-27-1955	5670
CHARLES Jr	Chew	1966-08-10	36346
  Bonnie  	guy	1953-11-10	59117
Herbert	Wallace	1947-06-29	24234
Bill		6-10-1980	14969
Bessie	Sane	03/13/1964	46824
Barbara	 Prris	13/07/2001	66157
Rohrbach	Wililam	1950-10-11	52319
Meaghan	Dunlap	1938-07-26	24524
Mary 	Harper	1988-05-12	94470
Thomas	Fontenot	29/7/1969	34144
Daniel	Gordon	26 Sep 2003	15113
Peggy	Payne	03 Jul 1999	69509
Betty	Cook	26/9/1944	5778
RANDELL	Emerson	21-1-1974	21055
Simon	Seaman	2/27/1946	77832
Paul	Johnson	28 Dec 1998	83918
John	Bump	28 Mar 1953	60245
John	Epley	21/01/1980	19042
Terry	Rudd	11-4-1953	25133
Linda	Donaldson	03/11/1971	35502
Charles	Dasher	8-4-1969	89569
Jason	Saner	see notes	95906
Lulya	Shepherd	1 Dec 1974	15119
Carpenter	Phoebe	2003-10-28	33843
Bruce	Belew	3-18-1948	56407
	Thole	1983-11-17	53986
James	Wadkins	1937-3-1	70635
	Wanner	1992-2-24	43159
Natalie	Gonaora	1983-9-8	1737
Robert	Given	1995-11-30	85798
Ronald	Cross	06/22/1990	92852
Vincent	Dingle	05/08/1964	53415
Christopher	Vince	24/07/1942	17880
James	Robertson	15 Dec 1951	5238
Tyrone	Jacobs	1937-5-31	82523
Helen-Smith	Hobbm	1984-12-08	86604
Bobbye	Hardin	07/05/1966	44622
Terence	Andrews	11-19-1952	47234
	Sweet	14 Sep 1972	72233
Betty	Turner	6/24/1937	68641
June	Johnston	1984-07-19	78002
William	Christopher	1976-4-24	94680
Annabell	Montgomery	23 Sep 1971	96436
Annie	Garrett  	26 Jan 1939	86568
Reid  	Grgen	1957-10-28	19924
vKristen	Garth	1986-11-12	59220
Lawrence	Gray	11/02/1949	52806
Carlos	Thorne	28 Mar 1991	74381
Amy	Musick	n/a	24829
Mildred	McDonnell	1957-03-10	61581
Mary	O'NEILL	3-9-1968	80617
Christine Sr	Stark III	8-24-1959	79596
Jorge	Osuna	28/6/1964	27890
Nany  	Evans	2003-03-11	33569
Luz	Woolley	1993-9-28	49417
	Wojcik	14/6/1991	68021
Adriana	Varner	04/04/1986	65830
Maura	Nichols	7/9/1976	72952
Timthy	Howard	2-24-1964	13141
Loretta  	Shockley	1960-11-14	85475
Holly	Colvins	19/10/1986	1738
sharon	  Nyquist  -Smith	04 Feb 1964	34834
	Peters	11/29/1973	19080
Toyna	Vandoren	07/09/1989	85993
OTIS	 Smith  	1978-04-27	53638
Donald	Keith	18-1-1978	52753
Robert	McMillen	04/17/1974	20490
  Lydia	Graqy	4/10/1996	47836
  jessica 	 Reyes 	1953-04-17	93765
Tanya	Adams	1 Nov 1946	38661
 john 	Gannaway	11-1-1956	60532
Lorraine	Dunbar	19 May 1955	78705
 James  	Lawless	1964-5-9	13750
iWnston	Hernandez 	1955-08-18	10390
Donna	Keen	1976-9-13	53158
MATTHEW	Sparacino	1946-08-17	20162
  Ella	Mills III	23 Dec 1966	15817
Luis	Hunqey	21/10/1998	60870
Leigh	Bixler	20/09/1960	51699
Edwrad	Galusha	11-5-1938	22095
KILEY-Smith	Wheeler	11/05/1973	88915
Richard		05/04/2003	8627
Tanisha	Smith	03/11/1949	35513
 Allan	Simpson	2/27/1944	52304
Kimberly	Smxith	7/5/2003	70702
Mike III	Hamlett	05/20/1948	79737
Lisa 	 Gilbert	15/02/1955	71558
  Teresa 	Owens	04-05-1989	24672
Danielle III	Thaxton	05-16-1977	25974
Jeffrey	narron	1951-11-22	71644
 gosa  	Lemire	1989-09-30	82140
Danwnielle	Duncan	22 May 1975	75754
nancy	Brown	8/23/1987	62860
Elizabeth	GOEBEL	01/05/1993	59110
Christna	Brown	1958-11-24	22031
Ella	Lavoie	08 Apr 2002	76681
 OLIVIA	Lopez	11-22-1969	52742
Marilyn	Fink	07-05-1969	22337
Janet-Smith	Thomas	1965-05-20	57696
Bradley	Tisale	14/04/1959	83223
Jonapthon	Bishop	12 Oct 1985	15885
Brent	  Alleman 	1941-08-27	72819
Janice	  Hanrahan	05/04/1959	65370
Jooyce		unknown	87447
 wTonya	 Swann  	24/02/1957	63947
Alfred	Christiansen	2-1-1988	19845
	Jiohnson III	29/04/1940	81888
Michael	Domingues	15 Feb 1977	48483
Terry	Trannenbaum	1998-09-11	75992
Laura	lakes	10/27/1974	14222
William	Simpson	18 Oct 1978	58828
Edward	 Day  	07/10/1957	98892
Alfred	Whitlock	23/10/1985	82740
Emma-Smith	 Boob  	08 Jun 1962	18307
Aguirre	Emily	05/05/1945	96523
Joh	Allen	2003-6-14	63020
Catherine  	Ryan	1961-6-23	62341
Leze	McDlnald	13 Dec 1956	24133
Charles	 Crorea  	26 Feb 1984	40620
  Michelle	White	06 Mar 1939	26662
nJeffrey	Johnson	1945-1-8	5819
Timothy	Couch	05/15/2002	35814
Eva	Sass	03-29-1950	15366
Leanna	Dehven	1938-11-2	76991
Crystal	Hickey	unknown	58291
Charles	Garland	06/17/1966	64624
	Ford	4/16/1981	54317
Arnold	Rodriquez	1-6-1962	53943
Terry	Clow	8/11/1980	28973
Walter	Franklin	06/05/1989	69707
Joseph	Pae	09/05/1997	30672
	Mosley	09-09-1959	25318
jose	Kendall	05-20-1971	29883
Emma	Aaoron	04/06/1954	34792
Daniels	Arthur	2 Apr 1979	64517
Avnessa	Ouszley	28 Aug 1957	50075
Robert	Avery	18 Jul 1948	1518
marlene	Brown	12/14/1972	71405
Wanda	Gray	05-06-1984	38361
Evans	Ruth	07/24/1982	69190
Laura	Mill	??	14891
Cirstopher	  nSong	1983-11-11	4174
Rocco	Pierson	1987-10-08	66178
William	Garcia	19 Feb 1978	10322
Hubert	  Neher	26-9-1950	40543
Frank	Ryan	24 Jan 1998	89234
Martin	Clifton	1971-5-29	63571
Ruth	Williams	02/13/1992	38750
Joseph	Whitten	??	13858
Jeff Jr	Forbe	11-09-1962	54419
East	James	06/20/1978	22556
Mary	Barnett Sr	1953-08-22	29931
Kur	Salas	9-18-1965	50572
Tonya		1980-12-8	89792
Lucille	Miller	1966-05-31	18253
lan	Phelps	unknown	35693
Sharon	Austin	6-19-2001	4419
Theresa	  Mann 	8/5/1982	85513
Janice	Myles-Smith	07-02-1950	77720
	Paul	28/7/1993	28184
Anthony	Alberts 	17 Nov 2002	11000
Glynda	Hoffman	04-20-1944	92809
Madeleine	killinger	05/20/1954	67909
Sherrie	Yarbro	11/4/1983	67367
Jerry	Shaw	07/23/1939	56860
wm	Nance	unknown	29778
Donna	Hggins	5 Jun 1971	19248
Stacey	Christian	1991-08-16	56224
lark	Alvin	1963-9-22	72281
	Martell	04/11/1956	7799
aJnet	Jaynes	01 Jan 1982	64220
Dana	Greenwald	1958-2-15	36030
Mildred	Huffman	1961-11-16	85452
Anisha	Bone	06/06/1975	20598
Ambe	King	17 Dec 1953	37161
Barbara-Smith	gWright	25 Aug 1954	62889
Heath	Bell	12/8/1953	47814
Micaela	Gore	03/10/1954	47312
Patsy	Hadley	11-08-1973	90933
  Tuyet 	Jones	1941-1-24	16955
Loveday	Robert III	03-05-1967	31073
Danny	Moore	09/28/1969	66284
Margaret	Turek	11-3-1969	52969
Douglas Sr	Gearge	1979-04-28	12838
	Rouse	22 May 1999	34784
Whitney	Pearson	1995-08-12	73999
Melissa Sr	McVey	11/02/1939	17883
Michpel	Davis	2-12-1985	89995
	Carpenter	n/a	58517
 Tessa	Rmos	29 Sep 1985	78084
Floyd	Naylor	21 Mar 1951	46011
Cornelius	Williams	04-29-1976	9587
Ann	Bruce	3-4-1992	67692
Mary	Jyohnson	3-9-1966	88687
Katherine	Valdez	1982-2-1	30074
Terry	Hansen	1985-12-20	82236
Sherrill	giordano	01 Jul 1994	47890
 GLADYS  	  Conner	8/1/1999	84142
	Blanco	09/14/1967	83643
Kim  	Redmond	1967-01-05	83651
Brian	vHouck	5-1-1972	57307
Gilbert	Folankd-Smith	1989-05-07	78178
  Justine 	Goldblatt	25 May 1997	94293
Robert	Deangelo	31 Jul 1947	5132
Al	Pyne	08/08/1950	28112
Robert	Haynes	06-02-1949	84861
Darrell	Lopez	1978-06-17	23290
Debra	hayden	20 Jul 1979	34790
Dave	Bratten	2000-08-11	10471
Donald	McColl	05 Sep 1963	83764
Wendy	Furman	29 Jan 1983	26992
Jeffriey	Gibb	1958-01-27	86276
Helen	Taylor	12/04/1954	65916
Sherry	White II	02/20/1953	21655
Angie	Nole	15 Apr 1971	34465
Alicia	Cruz	1979-1-16	4073
William	Green	6-15-1997	94161
Mary	Romeo	unknown	16442
Carol	Silva	6/24/1958	75332
Cruz	 Cristina 	1-13-1966	63315
Jackie	Tanner	11/19/1966	53406
John	Small	2003-10-16	22023
Jeanie-Smith	McCue	01/01/1952	90836
Theodore	Gonzales	1997-10-21	68535
James	Bartlett	1995-01-09	31600
Tiffany	Board	07/12/1967	81090
Michael	Matthews	1971-10-20	2030
Louis	Nichols	29/03/1940	27478
aPaul	Marvel	1973-5-25	37350
Stevens	 Nellie	2003-4-25	48117
Joe	Mullins	8 Sep 1993	94947
Darlene Sr	 Quesada 	10-17-1986	81992
Jose	Hendren	1996-7-25	48541
Piazza	Lillie	2 Mar 1946	31273
Katie	Mitchell	31 Aug 1971	49375
Kimerly	Chitwood	06-17-1965	80790
 Magdalena  	Kubiak	1975-07-05	21404
Sean	 Hes  	13/9/1959	33676
Harvey	Ellington	02-13-1974	50042
Christopher	Calrson	21/06/1941	70914
 Albert	 Webster  II	27/04/1998	55088
Bonilla	Marissa 	27/03/1966	57799
Wanda	Welch	1965-7-22	64431
Mildred	Pope	5/15/1957	53096
Cutis	 Collins 	12 Aug 1939	92691
Brian	Manjarrez	22 Mar 1944	50737
Sheila	Hebert	2-12-2003	45335
Cathryn	Arena	1999-6-21	48070
Charlotte	Dendy Jr	2 Dec 1983	45127
Bobby	Davis	05-22-1981	91179
Zula	Morgan Jr	11/22/1990	70254
Michael	Ardito	9 Jan 1993	10007
Emma		28/12/2000	42767
Victor	Smitl	09-20-1982	70098
Bill	Cooksey	05/01/1996	34622
Alma	  Williams  	23 May 1955	54631
Mary	McCain	04 Jun 1976	49520
Ray	Wood	1957-4-8	95666
Steven	Lovin	05/10/1950	99884
 Andrea 	  Leonard	1999-5-11	68766
Cynthia	Abram	11/07/2002	3326
Christine	Scihroeder	1986-08-22	63521
Paula	Hallinan	30 Jan 1982	94340
MISTY	Whipple	1937-1-26	60764
Sahwn	Richardson	1972-9-30	21343
Lucy	  Anderson 	13/02/2000	87277
 Angela 	Williams	6 Aug 1964	41216
Clair	Bourke	07 Aug 1953	80232
Benjamin	Gregory	1943-1-24	50758
  Betyt 	  Otto	20/09/1968	47217
Adolph	 Litnle 	01-18-1957	64966
Jose	Lewis	12/7/1941	67497
 Dana  	Polano	10-6-1982	36314
Wanda	Young	1948-10-24	72049
Chris	Czrter	24-10-2001	12706
William	Campbell	08-22-1989	73174
Graqe	Bowers	15/9/1941	15804
Lslie	Keller	6-25-1940	52305
Kehoe	 Joseph 	25 Feb 1984	29775
  John   III		09-13-1965	23215
Mauria  	Hammons	7-5-1966	98874
yCarolyn	Bell	25 Jul 1984	68125
Rose	 Nortcutt  	1994-03-25	88398
Christopher	Jarrell	14/04/1987	82656
Marion	Lewis	2 Aug 2000	9203
Jose	Ross	10/09/1944	84331
  Joann 	Fouts	10/29/2002	19701
Ralph	Smith	09 Apr 1957	30172
William	Roth	5-28-1945	918
James	Boyd	4/7/1996	54494
  Jessiac 	Rehberg	1977-11-07	95771
Jean II	Horner	1942-07-30	50523
Mary	Jenkins	10-23-1946	29290
Lesley	  Douglas  	29 Apr 1974	46467
  Milkagros	Williams	1988-8-25	80365
Gus Jr	Brown	18 Oct 1980	75952
Leah	Barrios	8/9/1989	3919
Billy	Caldebrwood	1992-09-22	85020
Isidro	Reyes	28/7/1985	49619
Trery	Hackett	05-17-2002	98707
John	Morrison	13/09/2002	62997
	Morrow	12-07-1979	8696
  VICTORIA 	Stevens  	17 Dec 1986	68303
Smmy	jCarreon	08-06-1987	8224
Rita	Maxwell-Smith	8 Dec 2002	15222
John	Myles	26-8-1977	6175
Thomas  	Soctt	11/27/1998	5141
eleanor	Blodgett	1/10/1953	32277
Judy	Nelson	12/19/1955	51864
Rose	qCampos	30 Nov 1937	26743
	Saunders	05 Dec 1960	68073
Roscoe	Spann	1988-4-14	80282
David	Wynn	05-06-1940	11866
Cary	Munoz	21 Dec 1972	74611
Bertha	Winter	9-7-1975	55930
edgar 	Wenger-Smith	9-3-1941	94039
Janay	Sibley	13/05/1990	20569
Marissa	Mitchell	11-09-1953	53915
Emily	Manning	12/9/1967	27663
Sheila	lexander	20/5/1994	19100
Gracie	Priest	1998-10-04	16632
Shae	kcrr	1987-9-17	69201
	  Hathaway  	01 Aug 1947	35138
Nancy	Flowekrs Sr	3 Sep 1946	80442
Jeff	Kuhn	06 Oct 1971	55404
Cynthia	Mack	25/10/1985	45064
Dawn		1970-7-29	30181
Brett	Magner	1993-12-12	82063
Gary	Hough	07/18/1960	38328
Judy	Butler	03/19/1953	19887
Lee	Campbell	22/01/1990	96192
Julia 	Crow	10-28-1948	59561
Daid II	Mitcheoll	07/08/1982	50262
Gwendolyn	Hernaondez	10-8-1943	93492
Candy	Stmartin	6/29/1987	3463
Patricia	Montgomery	09/12/1979	53488
David	Clark	1941-8-26	52074
Augustia	Wicklund	29/11/1993	34030
George	  Dupree  	06-01-1960	65219
Ellis	Donald	2000-07-07	95413
Michelle	Bernal	1944-01-18	62413
Matthew	Trudell	28/08/1990	23659
Ben	Starkweather	10-27-1940	82832
Ruby III	McCown	09 Sep 1966	29333
Campos	Laura-Smith	1969-9-18	87688
Jacques	Blackstock	14 Oct 1986	15112
Jose	Jones	25/10/1959	19463
James	Baker	1967-12-03	6697
Benson	Jamie	04/08/1940	60789
Georgina	Kelemen	06-12-1961	10643
Jane		07/21/1959	25256
Dale	Sirois	08 Jul 1999	20758
Richard	 Howington	10-23-1966	58851
Finney	Teresa	17 Jul 1979	61120
Jeqremy	Brohn	1964-11-12	90052
Jeffrey	  Weathers	4 Nov 1955	40251
Hollis	Gonzalez	01/17/1986	62289
Paul	Altman	12/08/1948	91945
Aileen	  Gallaway	1968-2-23	28977
McNeil	  Jon 	7-11-1954	72868
David	Myer	29/1/1994	28823
  JASON	Wlson Jr	2-20-1999	38062
John	Messer	1941-04-14	30574
Sandra	Messina	10/27/1972	15898
	Cohen	10/11/1997	12572
Sheryl	Vargas	22 Dec 1984	39425
Lula	Edwards	01/20/1992	90221
Linda	eNash	1964-02-14	4381
Mauricio	Robinson	1972-08-09	23750
Guy	Midkiff	05-15-1971	61771
Campbell	Keith	1992-1-8	86288
Helen	Spearmav	23 Oct 1979	30015
Jikmmy	Burress	07-05-1980	78240
Norma	Torres	05-31-1953	6510
  Jason	Casey	9-1-1957	48478
herry	Barrientos	20 Feb 1961	18470
Maria	Taylor	10/6/1937	96463
Lillian	Arredondo	8-4-1967	14536
Andrea	Durkee	1976-03-16	50197
Wendi	Irons	2-3-1967	80029
Grant	Hoffman	10/13/2003	95059
Peter	Cone	6 Apr 1962	39354
Lisa	Schwartz	1959-10-02	62517
Gertrude	Fluellen	20 Jan 1998	80147
 Luther 	Collins	11/03/1994	6216
Patricia	mAos 	30 May 1987	90063
kawrence	Naquin	28 Oct 1986	15782
Wilma	Sxelton	2-21-1975	6405
JENNIFER Jr	Drake	1987-11-01	4639
  Kenneth	Lind	31 Aug 1968	82730
Helan	Glaze	14/10/1953	53725
Rikcy	Smith	1937-04-02	46163
Mhldred	Jutis	6/23/1998	91324
Charmani	McGlone	1979-9-15	71092
JAMES	McNeill	14/08/1957	63942
Dexter	Mionr	16/8/1962	92042
Bennett	Mary	1988-11-27	49091
Eddie	Givens	04 Jun 1952	7716
James	Xiong	1961-03-20	93150
James	Knight	15 Apr 1985	38064
Esther	Oates	01-30-1963	24822
Lillie	Landers	2-5-1992	16610
Juan	Dickson	15 Oct 1968	73441
Kristie	Taylor	05-14-1991	40109
Chad  	Staton  	23 Jan 1952	67260
Cxmeau	Jeanine	29 Apr 1999	31551
Dean	MANKIN	2004-01-07	80111
William	Roark	1-16-1981	68691
Jeannette		09/16/2001	87669
Kenneth	Twyman	23 Nov 1944	84453
Melinda  	Stark	14 Feb 1973	9389
James	Clark	06-02-1980	50805
Norman	Escobar	20/7/1963	48748
Keklly Sr	Grosu	1992-9-21	76596
Laura Jr	Beauchamp	1995-3-5	22447
Danielle	Perry	1/29/1941	3333
Margie	Gaston	10/04/1976	32305
Richand	 Sainz  	1981-07-09	16494
  Jose 	Brinkley	3 Oct 1947	3867
Janet	Storch	23-3-1997	79287
Timothy	Doctor	24/01/1985	82130
June	Wilson	4-27-1989	42340
Chgrles	Saunders	23/08/1961	5732
  Laverne 	Nagy	24/08/1959	27528
Beth	Dotson	1970-8-1	39897
Sherry	Frafcis	1942-3-27	14157
Daniel	Mahan	1969-01-25	44644
Karen	Clark II	07-26-1974	2678
Paul	Smanson	10-30-1962	60687
JAMES	Frey	05/10/1962	51294
Heather	Gray	09 Nov 1994	86573
Michael	Bowens Jr	20 Jul 1969	35923
Shephen	Brandow	2 Sep 1939	55613
